key	pexels_id
aardappel-gekookt	5249331
aardbeien	1788912
abrikoos-vers	38390562
algenolie	35414228
amandeldrink	7573152
amandelen	11590667
amandelpasta	57042
amarant-gekookt	101669
ananas	15554361
andijvie-gekookt	14269237
ansjovis	11912788
appel	14456110
appelmoes	33489594
appelsap	27119207
appelstroop	16144684
asperges-gekookt	5182122
aubergine-gebakken	8696543
avocado	31833143
avocado-olie	31833143
bacon	5041477
bagel	9691647
bakboter	7111399
bami	15820588
banaan	16829201
basmatirijst-gekookt	28674713
belegen-kaas	8743918
beschuit	30660275
biefstuk	36850059
bier	3641322
biet-gekookt	11663127
blauwe-bessen	12755895
blauwe-kaas	19239123
bloemkool-gekookt	24532331
boekweit-gekookt	101669
boerenkool-gekookt	1346342
boter	32986461
bouillon	15735751
bramen	28882152
broccoli-gekookt	105588
bruine-bonen-gekookt	8992843
bruiswater	14086822
bulgur-gekookt	14164523
burrito	9258714
cashewnoten	5869852
champignons-gebakken	9144702
champignonsoep	8580433
chiazaad	7439731
chilisaus	4985531
chips	6485538
chocolademelk	9838131
citroen	14016160
cornflakes	6948044
courgette-gebakken	12254248
couscous-gekookt	19824910
crackers-volkoren	36040665
creme-fraiche	7190369
croissant	13439698
curry-maaltijd	27287005
currysaus	32986463
dadels	18435590
dorade	19239122
dressing	8738025
drinkyoghurt	20854117
druiven	5500454
edamame	5514818
eend	18651635
ei-gekookt	14827255
eidooier	4394258
eiernoedels-gekookt	16620746
eiwit	32986480
eiwitshake	1346347
erwten-diepvries	3807050
erwtensoep	8696758
feta	29285460
forel	5326155
frambozen	8626406
friet	27758755
frisdrank	15823325
frisdrank-light	17650223
fruit-diepvries	32654673
garnalen	7636375
gebak	28251609
geitenkaas	34565448
gerst-gekookt	38391818
gierst-gekookt	20434734
granaatappel	12027268
granola	31596348
grapefruit	17840033
griekse-yoghurt	32986486
groene-thee	37515885
groentesap	1346347
groentesoep	8580433
hagelslag	14122680
half-om-half-gehakt	1314041
halvarine	4775247
ham	5634630
hamburger	20722048
haring	20141098
hart	5643415
havermelk	21802643
havermout	13950819
haverzemelen	13950819
hazelnoten	20556454
hennepzaad	35156984
honing	38773865
hummus	14774984
huttenkase	7368035
ijs	17558647
inktvis	15801007
jam	26341194
jonge-kaas	8743918
kabeljauw	8696562
kalfsvlees	31064588
kalkoenfilet	9219086
kapucijners	6541767
karnemelk	18635174
kefir	5967316
kersen	2747421
ketchup	30682735
kidneybonen-gekookt	8992843
kikkererwten-gekookt	34949285
kikkererwtenpasta-droog	38802734
kipdij	32986476
kipfilet	7368041
kipfilet-vleeswaren	9219093
kippenlever	38278287
kippensoep	8696758
kippenvleugel	5946433
kiwi	6123032
knackebrod	36040665
knoflook	6638901
knolselderij-gekookt	14163204
koek	34979324
koffie	5665246
kokosdrink	16077079
kokosolie	9931541
komkommer	3568039
konijn	7408291
koolraap-gekookt	9219084
koolvis	28899084
koolzaadolie	39281916
krab	18113137
kreeft	37795033
lamsvlees	32986473
lasagne	10839494
leverpastei	4586810
lijnzaad	29956305
lijnzaadolie	13787562
limoen	38853682
linzen-gekookt	30203314
linzenpasta-droog	3807028
linzensoep	28241683
maaltijdsalade	6895775
maanzaad	17209436
macadamia	20556452
magere-kaas	6493113
magere-kwark	10165775
mais-kolf	18142958
maiswafel	38802738
makreel	37703358
mandarijn	14040574
mango	38802739
margarine	13970067
mayonaise	15801054
meergranenbrood	2680601
melk-vol	37304947
melkchocolade	37857736
meloen	18281447
mosselen	5713733
mosterd	15934124
mozzarella	29699537
muesli	31596348
mueslireep	31596348
naan	15820586
nasi	37106714
nectarine	31956599
nier	8992843
notenmix	18435586
octopus	37215012
oesters	37935968
olijfolie-ev	9070120
omelet	1346381
ontbijtgranen-verrijkt	6948044
ontbijtgranen-volkoren	6948044
ontbijtkoek	9329433
oude-kaas	8743918
paddenstoelen-uv	9144702
paksoi-gekookt	38078487
paling	37888892
pangasius	28899084
paprika-rauw	39145600
paranoten	5869852
parmezaan	6428247
pasta-wit-gekookt	15597774
pastinaak-gekookt	38802742
pecannoten	34623625
peer	8086137
pens	8321980
perzik	31956599
pesto	39236392
pijnboompitten	15430081
pinda	39289748
pindakaas	5567076
pistachenoten	6664421
pita	15820586
pizza	8967721
plantaardige-drank-verrijkt	7573152
plantaardige-yoghurt	20854117
pokebowl	31815433
polenta	7627441
pompoen-gekookt	7368079
pompoensoep	8743923
pompoenzaden	34623198
popcorn	5331317
prei-gekookt	4965038
proteinereep	8482368
pruim	12889634
pure-chocolade	8498186
quiche	37271785
quinoa	9893191
radijs	33899546
ramen-noedels	13085835
rijst-wit-gekookt	8992843
rijstdrink	34477395
rijstnoedels-gekookt	13729069
rijstwafel	18283713
rodekool-gekookt	14269237
roerei	26576013
roggebrood	30452364
room	37935979
roomkaas	979310
rosbief	36829374
rozijnen	7368078
rucola	5713736
rundergehakt	4929692
runderlever	5643415
rundvlees-mager	36850059
salami	8743948
sambal	37107035
sardines-blik	20141098
schapenkaas	35910438
schelvis	7627414
schnitzel	23106705
schol	37703370
seitan	5056823
sesamolie	7636382
sesamzaad	20598694
sinaasappel	37543950
sinaasappelsap	33434017
skyr	20854117
sla-kropsla	24532331
slagroom	8250849
smeerkaas	24206926
snijbiet-gekookt	7368017
snoep	11659346
sobanoedels-gekookt	4541393
sojabonen-gekookt	101669
sojadrink-verrijkt	36183642
sojasaus	5616129
sojayoghurt	20854117
spelt-gekookt	31744871
speltbrood	2680601
sperziebonen-gekookt	17486836
spinazie-gekookt	6083893
spliterwten-gekookt	17486836
sportdrank	11754189
sprot	20141098
spruitjes-gekookt	4929721
stamppot	26245461
stokbrood	19793984
stroopwafel	9592625
tahin	14774984
teff	14430641
tempe	37052502
teriyakisaus	37279872
thee	34318763
toast	30660275
tofu	5182122
tomaat	33254177
tomatensaus	29039081
tomatensoep	4062274
tong	36829374
tonijn-vers	5713732
tortilla-wrap	2955819
tortillachips	10497790
tuinbonen-gekookt	8992843
ui-rauw	10159434
varkenshaas	19362399
varkenskarbonade	19362399
varkenslever	19362399
vegan-burger	20741663
vegan-gehakt	16329380
vegan-worst	14269237
veldsla	11287049
verrijkte-eieren	7094745
vijg-vers	15662976
vissticks	343873
vleesvervanger-stukjes	38802739
volkoren-pasta-gekookt	38802734
volkorenbrood	4444068
walnoten	37309469
water	9000378
wijn	15503675
wild	5643415
wilde-rijst-gekookt	14164520
witbrood	5567093
witlof-gekookt	14269237
witte-bonen-gekookt	8992843
witte-kool-gekookt	14269237
worst	37264133
wortel-rauw	38802742
wrap-gevuld	10361459
yoghurt-vol	32986486
zalm-gekweekt	7627414
zeebaars	7394229
zeewier-nori	7243416
zilvervliesrijst	343871
zoete-aardappel-gekookt	9219092
zonnebloemolie	29340968
zonnebloempitten	19282822
zuurdesembrood	4444068
zuurkool	14269237
zwarte-bonen-gekookt	32612769
