kind/slug	pexels_id
cover/adaptogens	6694149
cover/adh	416528
cover/atp	4793233
cover/biobeschikbaarheid	1327838
cover/chelaatvorm	1435904
cover/claimdekking	261579
cover/cortisol-v2	7138778
cover/derde-partij-testen	6129866
cover/efsa-claims	590493
cover/etikettransparantie	1656663
cover/healthspan	1179229
cover/hpa-as	7948527
cover/insulineresistentie	1640777
cover/leucinedrempel	1211887
cover/mitochondrien	371589
cover/multivitamine	1092730
cover/nervus-vagus	1761279
cover/onafhankelijke-toetsing	2280547
cover/onderzoeksdosis	4110253
cover/overtrainingssyndroom	19141776
cover/ps-score-model	606541
cover/scoregewichten	8329286
cover/slaapschuld	10554462
cover/sociale-verbinding	8472173
cover/testosteron	13863730
cover/thema-leefstijl-herstel	8017404
cover/thema-lichaam-veroudering	414171
cover/thema-longevity	417074
cover/thema-ps-score	6690217
cover/thema-supplementwetenschap	1340116
cover/vitamine-d-inname	6213751
cover/vitamine-k2	4109944
cover/wei-eiwit	8963368
inline/adaptogens	6694167
inline/adh	327090
inline/atp	260352
inline/biobeschikbaarheid	1028599
inline/chelaatvorm	4033325
inline/circadiaan-ritme	6694159
inline/claimdekking	733857
inline/cortisol	1417945
inline/derde-partij-testen	8326143
inline/efsa-claims	796602
inline/eiwitbehoefte-na-40	1640771
inline/epa-dha	725991
inline/etikettransparantie	1656666
inline/healthspan	775201
inline/hpa-as	1423600
inline/insulineresistentie	1640770
inline/kalium-natrium-balans	1414651
inline/leucinedrempel	566566
inline/magnesiumvormen	2280567
inline/melatonine	910307
inline/mitochondrien	346529
inline/multivitamine	1128678
inline/nervus-vagus	1287145
inline/onafhankelijke-toetsing	2280549
inline/onderzoeksdosis	1640775
inline/overtrainingssyndroom	457882
inline/oxidatieve-stress	1099680
inline/ps-score-model	317356
inline/scoregewichten	585752
inline/slaaphygiene	164595
inline/slaapschuld	12101227
inline/sociale-verbinding	851555
inline/testosteron	1366919
inline/vitamine-d	189349
inline/vitamine-d-inname	10059902
inline/vitamine-k2	4109943
inline/wei-eiwit	101533
